country,essround,year,stfeco_value,share
AT,1,2003.0,0,0.03898980948161276
AT,1,2003.0,1,0.02259636685866194
AT,1,2003.0,2,0.05361098803721755
AT,1,2003.0,3,0.10146211785556047
AT,1,2003.0,4,0.10589277802392556
AT,1,2003.0,5,0.1993797075764289
AT,1,2003.0,6,0.14133805937084626
AT,1,2003.0,7,0.14399645547186532
AT,1,2003.0,8,0.10367744793974303
AT,1,2003.0,9,0.03278688524590164
AT,1,2003.0,10,0.018165706690296855
AT,1,2003.0,88,0.03810367744793974
AT,2,2005.0,0,0.040336879432624116
AT,2,2005.0,1,0.02349290780141844
AT,2,2005.0,2,0.04964539007092199
AT,2,2005.0,3,0.09485815602836879
AT,2,2005.0,4,0.11702127659574468
AT,2,2005.0,5,0.19946808510638298
AT,2,2005.0,6,0.13608156028368795
AT,2,2005.0,7,0.16046099290780141
AT,2,2005.0,8,0.09441489361702128
AT,2,2005.0,9,0.03235815602836879
AT,2,2005.0,10,0.015070921985815602
AT,2,2005.0,88,0.03679078014184397
BE,1,2002.0,0,0.02652370203160271
BE,1,2002.0,1,0.016930022573363433
BE,1,2002.0,2,0.051354401805869074
BE,1,2002.0,3,0.08521444695259593
BE,1,2002.0,4,0.10778781038374718
BE,1,2002.0,5,0.17720090293453725
BE,1,2002.0,6,0.18623024830699775
BE,1,2002.0,7,0.18002257336343114
BE,1,2002.0,8,0.09085778781038374
BE,1,2002.0,9,0.017494356659142212
BE,1,2002.0,10,0.014672686230248307
BE,1,2002.0,88,0.041196388261851014
BE,1,2002.0,99,0.004514672686230248
BE,1,2003.0,0,0.03571428571428571
BE,1,2003.0,1,0.07142857142857142
BE,1,2003.0,2,0.03571428571428571
BE,1,2003.0,3,0.05357142857142857
BE,1,2003.0,4,0.07142857142857142
BE,1,2003.0,5,0.19642857142857142
BE,1,2003.0,6,0.17857142857142858
BE,1,2003.0,7,0.15178571428571427
BE,1,2003.0,8,0.11607142857142858
BE,1,2003.0,9,0.026785714285714284
BE,1,2003.0,88,0.0625
BE,1,9999.0,2,0.13333333333333333
BE,1,9999.0,3,0.13333333333333333
BE,1,9999.0,4,0.13333333333333333
BE,1,9999.0,5,0.26666666666666666
BE,1,9999.0,6,0.13333333333333333
BE,1,9999.0,7,0.06666666666666667
BE,1,9999.0,8,0.06666666666666667
BE,1,9999.0,99,0.06666666666666667
BE,2,2004.0,0,0.031746031746031744
BE,2,2004.0,1,0.027472527472527472
BE,2,2004.0,2,0.06227106227106227
BE,2,2004.0,3,0.09829059829059829
BE,2,2004.0,4,0.1227106227106227
BE,2,2004.0,5,0.18986568986568986
BE,2,2004.0,6,0.19536019536019536
BE,2,2004.0,7,0.16483516483516483
BE,2,2004.0,8,0.0695970695970696
BE,2,2004.0,9,0.014041514041514042
BE,2,2004.0,10,0.006715506715506716
BE,2,2004.0,77,0.0006105006105006105
BE,2,2004.0,88,0.016483516483516484
BE,2,2005.0,0,0.007142857142857143
BE,2,2005.0,1,0.03571428571428571
BE,2,2005.0,2,0.06428571428571428
BE,2,2005.0,3,0.07142857142857142
BE,2,2005.0,4,0.09285714285714286
BE,2,2005.0,5,0.1357142857142857
BE,2,2005.0,6,0.2
BE,2,2005.0,7,0.2571428571428571
BE,2,2005.0,8,0.07142857142857142
BE,2,2005.0,9,0.014285714285714285
BE,2,2005.0,10,0.02857142857142857
BE,2,2005.0,77,0.007142857142857143
BE,2,2005.0,88,0.014285714285714285
CH,1,2002.0,0,0.014395886889460155
CH,1,2002.0,1,0.018508997429305913
CH,1,2002.0,2,0.0699228791773779
CH,1,2002.0,3,0.1532133676092545
CH,1,2002.0,4,0.17017994858611826
CH,1,2002.0,5,0.1686375321336761
CH,1,2002.0,6,0.14447300771208227
CH,1,2002.0,7,0.14138817480719795
CH,1,2002.0,8,0.07403598971722365
CH,1,2002.0,9,0.018508997429305913
CH,1,2002.0,10,0.009768637532133676
CH,1,2002.0,88,0.01696658097686375
CH,1,2003.0,0,0.010526315789473684
CH,1,2003.0,2,0.010526315789473684
CH,1,2003.0,3,0.12631578947368421
CH,1,2003.0,4,0.17894736842105263
CH,1,2003.0,5,0.18947368421052632
CH,1,2003.0,6,0.17894736842105263
CH,1,2003.0,7,0.15789473684210525
CH,1,2003.0,8,0.08421052631578947
CH,1,2003.0,9,0.031578947368421054
CH,1,2003.0,10,0.010526315789473684
CH,1,2003.0,88,0.021052631578947368
CH,2,2004.0,0,0.017354877318970677
CH,2,2004.0,1,0.01436265709156194
CH,2,2004.0,2,0.04488330341113106
CH,2,2004.0,3,0.11131059245960502
CH,2,2004.0,4,0.15978456014362658
CH,2,2004.0,5,0.20167564332734889
CH,2,2004.0,6,0.16337522441651706
CH,2,2004.0,7,0.14602034709754638
CH,2,2004.0,8,0.09575104727707959
CH,2,2004.0,9,0.020945541591861162
CH,2,2004.0,10,0.009575104727707959
CH,2,2004.0,88,0.014961101137043686
CH,2,2005.0,0,0.002127659574468085
CH,2,2005.0,1,0.006382978723404255
CH,2,2005.0,2,0.03829787234042553
CH,2,2005.0,3,0.10851063829787234
CH,2,2005.0,4,0.15319148936170213
CH,2,2005.0,5,0.225531914893617
CH,2,2005.0,6,0.14680851063829786
CH,2,2005.0,7,0.14893617021276595
CH,2,2005.0,8,0.1
CH,2,2005.0,9,0.02553191489361702
CH,2,2005.0,10,0.01702127659574468
CH,2,2005.0,88,0.027659574468085105
CZ,1,2002.0,0,0.0745945945945946
CZ,1,2002.0,1,0.07891891891891892
CZ,1,2002.0,2,0.14594594594594595
CZ,1,2002.0,3,0.18054054054054053
CZ,1,2002.0,4,0.13837837837837838
CZ,1,2002.0,5,0.14486486486486486
CZ,1,2002.0,6,0.09945945945945946
CZ,1,2002.0,7,0.07027027027027027
CZ,1,2002.0,8,0.016216216216216217
CZ,1,2002.0,9,0.004324324324324324
CZ,1,2002.0,10,0.003243243243243243
CZ,1,2002.0,88,0.04108108108108108
CZ,1,2002.0,99,0.002162162162162162
CZ,1,2003.0,0,0.05234159779614325
CZ,1,2003.0,1,0.06336088154269973
CZ,1,2003.0,2,0.1322314049586777
CZ,1,2003.0,3,0.19008264462809918
CZ,1,2003.0,4,0.1322314049586777
CZ,1,2003.0,5,0.1487603305785124
CZ,1,2003.0,6,0.12947658402203857
CZ,1,2003.0,7,0.06336088154269973
CZ,1,2003.0,8,0.03305785123966942
CZ,1,2003.0,9,0.011019283746556474
CZ,1,2003.0,88,0.04132231404958678
CZ,1,2003.0,99,0.0027548209366391185
CZ,1,9999.0,0,0.125
CZ,1,9999.0,1,0.06944444444444445
CZ,1,9999.0,2,0.18055555555555555
CZ,1,9999.0,3,0.1111111111111111
CZ,1,9999.0,4,0.1527777777777778
CZ,1,9999.0,5,0.125
CZ,1,9999.0,6,0.08333333333333333
CZ,1,9999.0,7,0.041666666666666664
CZ,1,9999.0,8,0.05555555555555555
CZ,1,9999.0,9,0.013888888888888888
CZ,1,9999.0,10,0.013888888888888888
CZ,1,9999.0,88,0.027777777777777776
CZ,2,2004.0,0,0.0945142101784534
CZ,2,2004.0,1,0.06972901520158625
CZ,2,2004.0,2,0.1404494382022472
CZ,2,2004.0,3,0.16556510244547257
CZ,2,2004.0,4,0.13549239920687375
CZ,2,2004.0,5,0.14805023132848646
CZ,2,2004.0,6,0.09385327164573695
CZ,2,2004.0,7,0.05717118307997356
CZ,2,2004.0,8,0.031064111037673495
CZ,2,2004.0,9,0.008592200925313946
CZ,2,2004.0,10,0.006609385327164574
CZ,2,2004.0,88,0.048909451421017845
DE,1,2002.0,0,0.20179372197309417
DE,1,2002.0,1,0.1031390134529148
DE,1,2002.0,2,0.18385650224215247
DE,1,2002.0,3,0.17488789237668162
DE,1,2002.0,4,0.13452914798206278
DE,1,2002.0,5,0.10762331838565023
DE,1,2002.0,6,0.06278026905829596
DE,1,2002.0,7,0.017937219730941704
DE,1,2002.0,8,0.008968609865470852
DE,1,2002.0,10,0.004484304932735426
DE,1,2003.0,0,0.16023738872403562
DE,1,2003.0,1,0.07752225519287834
DE,1,2003.0,2,0.1884272997032641
DE,1,2003.0,3,0.20474777448071216
DE,1,2003.0,4,0.14206231454005935
DE,1,2003.0,5,0.10682492581602374
DE,1,2003.0,6,0.057863501483679525
DE,1,2003.0,7,0.0293026706231454
DE,1,2003.0,8,0.014465875370919881
DE,1,2003.0,9,0.004080118694362018
DE,1,2003.0,10,0.00370919881305638
DE,1,2003.0,77,0.000370919881305638
DE,1,2003.0,88,0.010385756676557863
DE,2,2004.0,0,0.12085210979106924
DE,2,2004.0,1,0.061859893486276116
DE,2,2004.0,2,0.15075788611224908
DE,2,2004.0,3,0.2101597705858255
DE,2,2004.0,4,0.15075788611224908
DE,2,2004.0,5,0.13068414584186808
DE,2,2004.0,6,0.08521097910692339
DE,2,2004.0,7,0.043424825891028265
DE,2,2004.0,8,0.025399426464563703
DE,2,2004.0,9,0.004916018025399427
DE,2,2004.0,10,0.005325686194182712
DE,2,2004.0,77,0.00040966816878328555
DE,2,2004.0,88,0.010241704219582138
DE,2,2005.0,0,0.0675990675990676
DE,2,2005.0,1,0.0675990675990676
DE,2,2005.0,2,0.16083916083916083
DE,2,2005.0,3,0.1958041958041958
DE,2,2005.0,4,0.16083916083916083
DE,2,2005.0,5,0.16083916083916083
DE,2,2005.0,6,0.0675990675990676
DE,2,2005.0,7,0.06526806526806526
DE,2,2005.0,8,0.02097902097902098
DE,2,2005.0,9,0.006993006993006993
DE,2,2005.0,10,0.002331002331002331
DE,2,2005.0,77,0.002331002331002331
DE,2,2005.0,88,0.02097902097902098
DK,1,2002.0,0,0.01198501872659176
DK,1,2002.0,1,0.0022471910112359553
DK,1,2002.0,2,0.0149812734082397
DK,1,2002.0,3,0.03146067415730337
DK,1,2002.0,4,0.0449438202247191
DK,1,2002.0,5,0.10337078651685393
DK,1,2002.0,6,0.11161048689138577
DK,1,2002.0,7,0.21872659176029963
DK,1,2002.0,8,0.2711610486891386
DK,1,2002.0,9,0.11086142322097378
DK,1,2002.0,10,0.04943820224719101
DK,1,2002.0,88,0.02696629213483146
DK,1,2002.0,99,0.0022471910112359553
DK,1,2003.0,0,0.006896551724137931
DK,1,2003.0,1,0.006896551724137931
DK,1,2003.0,3,0.006896551724137931
DK,1,2003.0,4,0.041379310344827586
DK,1,2003.0,5,0.06206896551724138
DK,1,2003.0,6,0.1103448275862069
DK,1,2003.0,7,0.2827586206896552
DK,1,2003.0,8,0.2413793103448276
DK,1,2003.0,9,0.10344827586206896
DK,1,2003.0,10,0.1103448275862069
DK,1,2003.0,88,0.027586206896551724
DK,1,9999.0,3,0.07692307692307693
DK,1,9999.0,4,0.038461538461538464
DK,1,9999.0,5,0.038461538461538464
DK,1,9999.0,6,0.07692307692307693
DK,1,9999.0,7,0.11538461538461539
DK,1,9999.0,8,0.23076923076923078
DK,1,9999.0,9,0.07692307692307693
DK,1,9999.0,88,0.23076923076923078
DK,1,9999.0,99,0.11538461538461539
DK,2,2004.0,0,0.004874651810584958
DK,2,2004.0,1,0.006267409470752089
DK,2,2004.0,2,0.01532033426183844
DK,2,2004.0,3,0.026462395543175487
DK,2,2004.0,4,0.037604456824512536
DK,2,2004.0,5,0.09958217270194986
DK,2,2004.0,6,0.100974930362117
DK,2,2004.0,7,0.19707520891364902
DK,2,2004.0,8,0.29596100278551535
DK,2,2004.0,9,0.11142061281337047
DK,2,2004.0,10,0.06197771587743733
DK,2,2004.0,88,0.0403899721448468
DK,2,2004.0,99,0.0020891364902506965
DK,2,2005.0,4,0.022727272727272728
DK,2,2005.0,5,0.13636363636363635
DK,2,2005.0,6,0.06818181818181818
DK,2,2005.0,7,0.11363636363636363
DK,2,2005.0,8,0.38636363636363635
DK,2,2005.0,9,0.1590909090909091
DK,2,2005.0,10,0.11363636363636363
DK,2,9999.0,5,0.14285714285714285
DK,2,9999.0,6,0.14285714285714285
DK,2,9999.0,7,0.14285714285714285
DK,2,9999.0,8,0.14285714285714285
DK,2,9999.0,9,0.2857142857142857
DK,2,9999.0,88,0.14285714285714285
EE,2,2004.0,0,0.039285714285714285
EE,2,2004.0,1,0.041428571428571426
EE,2,2004.0,2,0.07785714285714286
EE,2,2004.0,3,0.16642857142857143
EE,2,2004.0,4,0.12357142857142857
EE,2,2004.0,5,0.19714285714285715
EE,2,2004.0,6,0.11071428571428571
EE,2,2004.0,7,0.12285714285714286
EE,2,2004.0,8,0.06142857142857143
EE,2,2004.0,9,0.012857142857142857
EE,2,2004.0,10,0.007142857142857143
EE,2,2004.0,88,0.03857142857142857
EE,2,2004.0,99,0.0007142857142857143
EE,2,2005.0,0,0.030560271646859084
EE,2,2005.0,1,0.030560271646859084
EE,2,2005.0,2,0.07130730050933787
EE,2,2005.0,3,0.13921901528013583
EE,2,2005.0,4,0.15280135823429541
EE,2,2005.0,5,0.1969439728353141
EE,2,2005.0,6,0.14091680814940577
EE,2,2005.0,7,0.11714770797962648
EE,2,2005.0,8,0.06791171477079797
EE,2,2005.0,9,0.015280135823429542
EE,2,2005.0,10,0.001697792869269949
EE,2,2005.0,88,0.035653650254668934
ES,1,2002.0,0,0.04280936454849498
ES,1,2002.0,1,0.0274247491638796
ES,1,2002.0,2,0.06354515050167224
ES,1,2002.0,3,0.1096989966555184
ES,1,2002.0,4,0.13444816053511705
ES,1,2002.0,5,0.23277591973244147
ES,1,2002.0,6,0.14247491638795987
ES,1,2002.0,7,0.11304347826086956
ES,1,2002.0,8,0.06354515050167224
ES,1,2002.0,9,0.013377926421404682
ES,1,2002.0,10,0.01471571906354515
ES,1,2002.0,77,0.0013377926421404682
ES,1,2002.0,88,0.04080267558528428
ES,1,2003.0,0,0.017094017094017096
ES,1,2003.0,1,0.029914529914529916
ES,1,2003.0,2,0.09401709401709402
ES,1,2003.0,3,0.1623931623931624
ES,1,2003.0,4,0.16666666666666666
ES,1,2003.0,5,0.21794871794871795
ES,1,2003.0,6,0.13247863247863248
ES,1,2003.0,7,0.10683760683760683
ES,1,2003.0,8,0.04700854700854701
ES,1,2003.0,88,0.02564102564102564
ES,2,2004.0,0,0.025810721376571807
ES,2,2004.0,1,0.01257445400397088
ES,2,2004.0,2,0.04434149569821311
ES,2,2004.0,3,0.0814030443414957
ES,2,2004.0,4,0.11317008603573792
ES,2,2004.0,5,0.22766379880873594
ES,2,2004.0,6,0.21244209133024486
ES,2,2004.0,7,0.15089344804765056
ES,2,2004.0,8,0.07875579086697551
ES,2,2004.0,9,0.013236267372600927
ES,2,2004.0,10,0.011912640635340834
ES,2,2004.0,77,0.001985440105890139
ES,2,2004.0,88,0.025810721376571807
ES,2,2005.0,0,0.013157894736842105
ES,2,2005.0,1,0.02631578947368421
ES,2,2005.0,2,0.019736842105263157
ES,2,2005.0,3,0.08552631578947369
ES,2,2005.0,4,0.09210526315789473
ES,2,2005.0,5,0.3092105263157895
ES,2,2005.0,6,0.15789473684210525
ES,2,2005.0,7,0.15789473684210525
ES,2,2005.0,8,0.07894736842105263
ES,2,2005.0,10,0.006578947368421052
ES,2,2005.0,77,0.006578947368421052
ES,2,2005.0,88,0.046052631578947366
FI,1,2002.0,0,0.011
FI,1,2002.0,1,0.0075
FI,1,2002.0,2,0.0235
FI,1,2002.0,3,0.051
FI,1,2002.0,4,0.0895
FI,1,2002.0,5,0.1215
FI,1,2002.0,6,0.171
FI,1,2002.0,7,0.269
FI,1,2002.0,8,0.1815
FI,1,2002.0,9,0.0505
FI,1,2002.0,10,0.0105
FI,1,2002.0,77,0.0005
FI,1,2002.0,88,0.013
FI,2,2004.0,0,0.006429277942631058
FI,2,2004.0,1,0.008902077151335312
FI,2,2004.0,2,0.013847675568743818
FI,2,2004.0,3,0.03857566765578635
FI,2,2004.0,4,0.058358061325420374
FI,2,2004.0,5,0.09099901088031652
FI,2,2004.0,6,0.16963402571711178
FI,2,2004.0,7,0.2873392680514342
FI,2,2004.0,8,0.2354104846686449
FI,2,2004.0,9,0.05885262116716122
FI,2,2004.0,10,0.013847675568743818
FI,2,2004.0,77,0.0004945598417408506
FI,2,2004.0,88,0.01730959446092977
FR,1,2003.0,0,0.12242182302062542
FR,1,2003.0,1,0.06320691949434465
FR,1,2003.0,2,0.13506320691949433
FR,1,2003.0,3,0.1590153027278776
FR,1,2003.0,4,0.1596806387225549
FR,1,2003.0,5,0.18962075848303392
FR,1,2003.0,6,0.08649367930805056
FR,1,2003.0,7,0.04324683965402528
FR,1,2003.0,8,0.020625415834996674
FR,1,2003.0,9,0.00332667997338656
FR,1,2003.0,10,0.003992015968063872
FR,1,2003.0,88,0.01330671989354624
FR,2,2004.0,0,0.08
FR,2,2004.0,1,0.05028571428571429
FR,2,2004.0,2,0.12457142857142857
FR,2,2004.0,3,0.17714285714285713
FR,2,2004.0,4,0.15314285714285714
FR,2,2004.0,5,0.23657142857142857
FR,2,2004.0,6,0.09371428571428571
FR,2,2004.0,7,0.04
FR,2,2004.0,8,0.022857142857142857
FR,2,2004.0,9,0.002285714285714286
FR,2,2004.0,10,0.004571428571428572
FR,2,2004.0,88,0.014857142857142857
FR,2,2005.0,0,0.08807733619763695
FR,2,2005.0,1,0.05263157894736842
FR,2,2005.0,2,0.13963480128893663
FR,2,2005.0,3,0.15682062298603652
FR,2,2005.0,4,0.16004296455424274
FR,2,2005.0,5,0.20622986036519872
FR,2,2005.0,6,0.09774436090225563
FR,2,2005.0,7,0.05263157894736842
FR,2,2005.0,8,0.024704618689581095
FR,2,2005.0,9,0.0053705692803437165
FR,2,2005.0,10,0.00322234156820623
FR,2,2005.0,88,0.01288936627282492
GB,1,2002.0,0,0.02375923970432946
GB,1,2002.0,1,0.025343189017951427
GB,1,2002.0,2,0.061246040126715945
GB,1,2002.0,3,0.10401267159450897
GB,1,2002.0,4,0.12671594508975711
GB,1,2002.0,5,0.18848996832101372
GB,1,2002.0,6,0.15892291446673706
GB,1,2002.0,7,0.15047518479408659
GB,1,2002.0,8,0.09978880675818373
GB,1,2002.0,9,0.017423442449841606
GB,1,2002.0,10,0.01003167898627244
GB,1,2002.0,77,0.0005279831045406547
GB,1,2002.0,88,0.03326293558606125
GB,1,2003.0,0,0.06338028169014084
GB,1,2003.0,1,0.035211267605633804
GB,1,2003.0,2,0.04225352112676056
GB,1,2003.0,3,0.1267605633802817
GB,1,2003.0,4,0.14788732394366197
GB,1,2003.0,5,0.22535211267605634
GB,1,2003.0,6,0.15492957746478872
GB,1,2003.0,7,0.08450704225352113
GB,1,2003.0,8,0.07746478873239436
GB,1,2003.0,9,0.007042253521126761
GB,1,2003.0,10,0.014084507042253521
GB,1,2003.0,88,0.02112676056338028
GB,1,9999.0,5,0.375
GB,1,9999.0,6,0.25
GB,1,9999.0,7,0.1875
GB,1,9999.0,8,0.125
GB,1,9999.0,10,0.0625
GB,2,2004.0,0,0.028460543337645538
GB,2,2004.0,1,0.02328589909443726
GB,2,2004.0,2,0.047865459249676584
GB,2,2004.0,3,0.11060802069857698
GB,2,2004.0,4,0.12871927554980594
GB,2,2004.0,5,0.18175937904269082
GB,2,2004.0,6,0.14747736093143596
GB,2,2004.0,7,0.15976714100905562
GB,2,2004.0,8,0.10478654592496765
GB,2,2004.0,9,0.02328589909443726
GB,2,2004.0,10,0.008408796895213453
GB,2,2004.0,88,0.03557567917205692
GB,2,2005.0,0,0.008547008547008548
GB,2,2005.0,1,0.011396011396011397
GB,2,2005.0,2,0.04843304843304843
GB,2,2005.0,3,0.05982905982905983
GB,2,2005.0,4,0.09686609686609686
GB,2,2005.0,5,0.23076923076923078
GB,2,2005.0,6,0.15669515669515668
GB,2,2005.0,7,0.18233618233618235
GB,2,2005.0,8,0.14245014245014245
GB,2,2005.0,9,0.03133903133903134
GB,2,2005.0,10,0.002849002849002849
GB,2,2005.0,88,0.02849002849002849
GR,1,2003.0,0,0.13990646921278255
GR,1,2003.0,1,0.10054559625876851
GR,1,2003.0,2,0.11808261886204209
GR,1,2003.0,3,0.14536243180046765
GR,1,2003.0,4,0.1270459859703819
GR,1,2003.0,5,0.1523772408417771
GR,1,2003.0,6,0.06936866718628215
GR,1,2003.0,7,0.06703039750584568
GR,1,2003.0,8,0.044427123928293066
GR,1,2003.0,9,0.012470771628994544
GR,1,2003.0,10,0.005455962587685113
GR,1,2003.0,88,0.017926734216679657
GR,2,2005.0,0,0.11388196176226101
GR,2,2005.0,1,0.09559434746467166
GR,2,2005.0,2,0.13216957605985039
GR,2,2005.0,3,0.1600166251039069
GR,2,2005.0,4,0.12011637572734829
GR,2,2005.0,5,0.1770573566084788
GR,2,2005.0,6,0.09102244389027432
GR,2,2005.0,7,0.05943474646716542
GR,2,2005.0,8,0.025768911055694097
GR,2,2005.0,9,0.007065669160432253
GR,2,2005.0,10,0.0020781379883624274
GR,2,2005.0,88,0.015793848711554447
HU,1,2002.0,0,0.05519287833827893
HU,1,2002.0,1,0.045103857566765576
HU,1,2002.0,2,0.08664688427299704
HU,1,2002.0,3,0.1804154302670623
HU,1,2002.0,4,0.1311572700296736
HU,1,2002.0,5,0.23738872403560832
HU,1,2002.0,6,0.09910979228486647
HU,1,2002.0,7,0.06172106824925816
HU,1,2002.0,8,0.028486646884272996
HU,1,2002.0,9,0.007121661721068249
HU,1,2002.0,10,0.004154302670623145
HU,1,2002.0,77,0.004154302670623145
HU,1,2002.0,88,0.057566765578635014
HU,1,2002.0,99,0.0017804154302670622
HU,2,2005.0,0,0.12082777036048065
HU,2,2005.0,1,0.09145527369826435
HU,2,2005.0,2,0.16154873164218958
HU,2,2005.0,3,0.19559412550066757
HU,2,2005.0,4,0.1348464619492657
HU,2,2005.0,5,0.16688918558077437
HU,2,2005.0,6,0.06008010680907877
HU,2,2005.0,7,0.024699599465954607
HU,2,2005.0,8,0.00801068090787717
HU,2,2005.0,9,0.0020026702269692926
HU,2,2005.0,10,0.0026702269692923898
HU,2,2005.0,77,0.004005340453938585
HU,2,2005.0,88,0.027369826435246995
IE,1,2002.0,0,0.037037037037037035
IE,1,2002.0,1,0.07407407407407407
IE,1,2002.0,2,0.037037037037037035
IE,1,2002.0,3,0.1111111111111111
IE,1,2002.0,4,0.1111111111111111
IE,1,2002.0,5,0.2222222222222222
IE,1,2002.0,6,0.1111111111111111
IE,1,2002.0,7,0.07407407407407407
IE,1,2002.0,8,0.07407407407407407
IE,1,2002.0,9,0.07407407407407407
IE,1,2002.0,10,0.037037037037037035
IE,1,2002.0,99,0.037037037037037035
IE,1,2003.0,0,0.05420188960716062
IE,1,2003.0,1,0.05718547986076579
IE,1,2003.0,2,0.08204873197414221
IE,1,2003.0,3,0.11536548980606663
IE,1,2003.0,4,0.1372451516658379
IE,1,2003.0,5,0.19542516161113874
IE,1,2003.0,6,0.12779711586275486
IE,1,2003.0,7,0.11039283938339135
IE,1,2003.0,8,0.0591745400298359
IE,1,2003.0,9,0.016409746394828444
IE,1,2003.0,10,0.009945300845350571
IE,1,2003.0,88,0.02187966185977126
IE,1,2003.0,99,0.012928891098955743
IE,1,9999.0,2,0.125
IE,1,9999.0,3,0.625
IE,1,9999.0,5,0.25
IE,2,2005.0,0,0.017935258092738406
IE,2,2005.0,1,0.014435695538057743
IE,2,2005.0,2,0.021872265966754154
IE,2,2005.0,3,0.03062117235345582
IE,2,2005.0,4,0.05380577427821522
IE,2,2005.0,5,0.13342082239720035
IE,2,2005.0,6,0.12773403324584426
IE,2,2005.0,7,0.19335083114610674
IE,2,2005.0,8,0.22615923009623798
IE,2,2005.0,9,0.10236220472440945
IE,2,2005.0,10,0.050306211723534555
IE,2,2005.0,88,0.01837270341207349
IE,2,2005.0,99,0.009623797025371828
IL,1,2002.0,0,0.2929771650150797
IL,1,2002.0,1,0.11460577337354588
IL,1,2002.0,2,0.16544592847910383
IL,1,2002.0,3,0.12537699267557087
IL,1,2002.0,4,0.0973718224903059
IL,1,2002.0,5,0.08616975441619991
IL,1,2002.0,6,0.05084015510555795
IL,1,2002.0,7,0.026712623869021974
IL,1,2002.0,8,0.01809564842740198
IL,1,2002.0,9,0.005170185264971995
IL,1,2002.0,10,0.006462731581214994
IL,1,2002.0,88,0.00990952175786299
IL,1,2002.0,99,0.0008616975441619991
IL,1,2003.0,0,0.18633540372670807
IL,1,2003.0,1,0.12422360248447205
IL,1,2003.0,2,0.19254658385093168
IL,1,2003.0,3,0.17391304347826086
IL,1,2003.0,4,0.06832298136645963
IL,1,2003.0,5,0.09937888198757763
IL,1,2003.0,6,0.07453416149068323
IL,1,2003.0,7,0.055900621118012424
IL,1,2003.0,8,0.012422360248447204
IL,1,2003.0,88,0.012422360248447204
IL,1,9999.0,0,0.29411764705882354
IL,1,9999.0,1,0.058823529411764705
IL,1,9999.0,2,0.17647058823529413
IL,1,9999.0,3,0.17647058823529413
IL,1,9999.0,4,0.058823529411764705
IL,1,9999.0,5,0.17647058823529413
IL,1,9999.0,7,0.058823529411764705
IS,2,2005.0,0,0.022452504317789293
IS,2,2005.0,1,0.018998272884283247
IS,2,2005.0,2,0.024179620034542316
IS,2,2005.0,3,0.05008635578583765
IS,2,2005.0,4,0.055267702936096716
IS,2,2005.0,5,0.12953367875647667
IS,2,2005.0,6,0.13126079447322972
IS,2,2005.0,7,0.21243523316062177
IS,2,2005.0,8,0.20898100172711573
IS,2,2005.0,9,0.08117443868739206
IS,2,2005.0,10,0.025906735751295335
IS,2,2005.0,88,0.027633851468048358
IS,2,2005.0,99,0.012089810017271158
IT,1,2003.0,0,0.056338028169014086
IT,1,2003.0,1,0.05136702568351284
IT,1,2003.0,2,0.07622203811101906
IT,1,2003.0,3,0.15410107705053852
IT,1,2003.0,4,0.18061309030654515
IT,1,2003.0,5,0.20298260149130073
IT,1,2003.0,6,0.13504556752278377
IT,1,2003.0,7,0.0695940347970174
IT,1,2003.0,8,0.020712510356255178
IT,1,2003.0,9,0.00579950289975145
IT,1,2003.0,10,0.0016570008285004142
IT,1,2003.0,88,0.045567522783761395
LU,1,2003.0,0,0.012242268041237113
LU,1,2003.0,1,0.002577319587628866
LU,1,2003.0,2,0.01095360824742268
LU,1,2003.0,3,0.03672680412371134
LU,1,2003.0,4,0.047036082474226804
LU,1,2003.0,5,0.16108247422680413
LU,1,2003.0,6,0.11597938144329897
LU,1,2003.0,7,0.18621134020618557
LU,1,2003.0,8,0.18685567010309279
LU,1,2003.0,9,0.08440721649484537
LU,1,2003.0,10,0.07216494845360824
LU,1,2003.0,77,0.0006443298969072165
LU,1,2003.0,88,0.07989690721649484
LU,1,2003.0,99,0.0032216494845360823
LU,2,2004.0,0,0.015733165512901194
LU,2,2004.0,1,0.007551919446192574
LU,2,2004.0,2,0.011327879169288861
LU,2,2004.0,3,0.045940843297671494
LU,2,2004.0,4,0.059786028949024544
LU,2,2004.0,5,0.1592196349905601
LU,2,2004.0,6,0.11516677155443675
LU,2,2004.0,7,0.1919446192573946
LU,2,2004.0,8,0.2026431718061674
LU,2,2004.0,9,0.07048458149779736
LU,2,2004.0,10,0.051604782882315924
LU,2,2004.0,88,0.06859660163624921
LU,2,2005.0,2,0.021739130434782608
LU,2,2005.0,4,0.10869565217391304
LU,2,2005.0,5,0.17391304347826086
LU,2,2005.0,6,0.06521739130434782
LU,2,2005.0,7,0.2391304347826087
LU,2,2005.0,8,0.30434782608695654
LU,2,2005.0,9,0.021739130434782608
LU,2,2005.0,10,0.021739130434782608
LU,2,2005.0,88,0.043478260869565216
NL,1,2002.0,0,0.0230505149583129
NL,1,2002.0,1,0.016674840608141245
NL,1,2002.0,2,0.036292300147130946
NL,1,2002.0,3,0.08092202059833252
NL,1,2002.0,4,0.13241785188818048
NL,1,2002.0,5,0.18832761157430114
NL,1,2002.0,6,0.21432074546346247
NL,1,2002.0,7,0.19813634134379599
NL,1,2002.0,8,0.07994114762138303
NL,1,2002.0,9,0.013241785188818049
NL,1,2002.0,10,0.004904364884747425
NL,1,2002.0,88,0.011770475723393821
NL,1,2003.0,0,0.027692307692307693
NL,1,2003.0,1,0.015384615384615385
NL,1,2003.0,2,0.036923076923076927
NL,1,2003.0,3,0.07384615384615385
NL,1,2003.0,4,0.12
NL,1,2003.0,5,0.22153846153846155
NL,1,2003.0,6,0.24
NL,1,2003.0,7,0.19384615384615383
NL,1,2003.0,8,0.055384615384615386
NL,1,2003.0,9,0.006153846153846154
NL,1,2003.0,10,0.003076923076923077
NL,1,2003.0,88,0.006153846153846154
NL,2,2004.0,0,0.02463382157123835
NL,2,2004.0,1,0.02463382157123835
NL,2,2004.0,2,0.047936085219707054
NL,2,2004.0,3,0.09786950732356857
NL,2,2004.0,4,0.15046604527296936
NL,2,2004.0,5,0.20905459387483355
NL,2,2004.0,6,0.21770972037283623
NL,2,2004.0,7,0.14980026631158455
NL,2,2004.0,8,0.05392809587217044
NL,2,2004.0,9,0.008655126498002663
NL,2,2004.0,10,0.0013315579227696406
NL,2,2004.0,77,0.0013315579227696406
NL,2,2004.0,88,0.012649800266311585
NL,2,2005.0,0,0.0316622691292876
NL,2,2005.0,1,0.026385224274406333
NL,2,2005.0,2,0.044854881266490766
NL,2,2005.0,3,0.12137203166226913
NL,2,2005.0,4,0.17941952506596306
NL,2,2005.0,5,0.17678100263852242
NL,2,2005.0,6,0.22691292875989447
NL,2,2005.0,7,0.11609498680738786
NL,2,2005.0,8,0.06596306068601583
NL,2,2005.0,9,0.002638522427440633
NL,2,2005.0,10,0.002638522427440633
NL,2,2005.0,88,0.005277044854881266
NO,1,2002.0,0,0.012213740458015267
NO,1,2002.0,1,0.011704834605597965
NO,1,2002.0,2,0.03969465648854962
NO,1,2002.0,3,0.08549618320610687
NO,1,2002.0,4,0.09465648854961832
NO,1,2002.0,5,0.15114503816793892
NO,1,2002.0,6,0.13791348600508907
NO,1,2002.0,7,0.17302798982188294
NO,1,2002.0,8,0.17913486005089058
NO,1,2002.0,9,0.0743002544529262
NO,1,2002.0,10,0.036132315521628496
NO,1,2002.0,88,0.004580152671755725
NO,1,2003.0,0,0.014084507042253521
NO,1,2003.0,1,0.028169014084507043
NO,1,2003.0,2,0.07042253521126761
NO,1,2003.0,3,0.07042253521126761
NO,1,2003.0,4,0.14084507042253522
NO,1,2003.0,5,0.11267605633802817
NO,1,2003.0,6,0.16901408450704225
NO,1,2003.0,7,0.1267605633802817
NO,1,2003.0,8,0.15492957746478872
NO,1,2003.0,9,0.07042253521126761
NO,1,2003.0,10,0.028169014084507043
NO,1,2003.0,88,0.014084507042253521
NO,2,2004.0,0,0.014367816091954023
NO,2,2004.0,1,0.010919540229885057
NO,2,2004.0,2,0.03333333333333333
NO,2,2004.0,3,0.07931034482758621
NO,2,2004.0,4,0.067816091954023
NO,2,2004.0,5,0.12643678160919541
NO,2,2004.0,6,0.1074712643678161
NO,2,2004.0,7,0.18620689655172415
NO,2,2004.0,8,0.20172413793103447
NO,2,2004.0,9,0.11149425287356322
NO,2,2004.0,10,0.051149425287356325
NO,2,2004.0,77,0.0011494252873563218
NO,2,2004.0,88,0.008620689655172414
NO,2,2005.0,4,0.15
NO,2,2005.0,5,0.1
NO,2,2005.0,6,0.05
NO,2,2005.0,7,0.2
NO,2,2005.0,8,0.3
NO,2,2005.0,9,0.05
NO,2,2005.0,10,0.15
PL,1,2002.0,0,0.15023696682464455
PL,1,2002.0,1,0.1033175355450237
PL,1,2002.0,2,0.1876777251184834
PL,1,2002.0,3,0.2161137440758294
PL,1,2002.0,4,0.13127962085308056
PL,1,2002.0,5,0.10758293838862559
PL,1,2002.0,6,0.037914691943127965
PL,1,2002.0,7,0.02132701421800948
PL,1,2002.0,8,0.007582938388625593
PL,1,2002.0,9,0.0037914691943127963
PL,1,2002.0,10,0.0014218009478672985
PL,1,2002.0,88,0.031279620853080566
PL,1,2002.0,99,0.00047393364928909954
PL,2,2004.0,0,0.1346153846153846
PL,2,2004.0,1,0.08682983682983683
PL,2,2004.0,2,0.14277389277389277
PL,2,2004.0,3,0.1789044289044289
PL,2,2004.0,4,0.13986013986013987
PL,2,2004.0,5,0.175990675990676
PL,2,2004.0,6,0.06060606060606061
PL,2,2004.0,7,0.0337995337995338
PL,2,2004.0,8,0.0168997668997669
PL,2,2004.0,9,0.0005827505827505828
PL,2,2004.0,10,0.0011655011655011655
PL,2,2004.0,88,0.027972027972027972
PT,1,2002.0,0,0.1166902404526167
PT,1,2002.0,1,0.13012729844413012
PT,1,2002.0,2,0.1676096181046676
PT,1,2002.0,3,0.1958981612446959
PT,1,2002.0,4,0.1371994342291372
PT,1,2002.0,5,0.13932107496463933
PT,1,2002.0,6,0.04455445544554455
PT,1,2002.0,7,0.012022630834512023
PT,1,2002.0,8,0.006364922206506365
PT,1,2002.0,9,0.0014144271570014145
PT,1,2002.0,10,0.002828854314002829
PT,1,2002.0,77,0.002828854314002829
PT,1,2002.0,88,0.036775106082036775
PT,1,2002.0,99,0.006364922206506365
PT,1,2003.0,0,0.05154639175257732
PT,1,2003.0,1,0.061855670103092786
PT,1,2003.0,2,0.12371134020618557
PT,1,2003.0,3,0.31958762886597936
PT,1,2003.0,4,0.16494845360824742
PT,1,2003.0,5,0.13402061855670103
PT,1,2003.0,6,0.09278350515463918
PT,1,2003.0,7,0.030927835051546393
PT,1,2003.0,88,0.020618556701030927
PT,2,2004.0,0,0.07731958762886598
PT,2,2004.0,1,0.18213058419243985
PT,2,2004.0,2,0.20962199312714777
PT,2,2004.0,3,0.218213058419244
PT,2,2004.0,4,0.11512027491408934
PT,2,2004.0,5,0.11683848797250859
PT,2,2004.0,6,0.03608247422680412
PT,2,2004.0,7,0.010309278350515464
PT,2,2004.0,8,0.005154639175257732
PT,2,2004.0,9,0.005154639175257732
PT,2,2004.0,88,0.020618556701030927
PT,2,2004.0,99,0.003436426116838488
PT,2,2005.0,0,0.11564625850340136
PT,2,2005.0,1,0.16802721088435374
PT,2,2005.0,2,0.19115646258503402
PT,2,2005.0,3,0.22585034013605443
PT,2,2005.0,4,0.13945578231292516
PT,2,2005.0,5,0.10136054421768707
PT,2,2005.0,6,0.023809523809523808
PT,2,2005.0,7,0.007482993197278911
PT,2,2005.0,8,0.007482993197278911
PT,2,2005.0,10,0.0006802721088435374
PT,2,2005.0,77,0.0006802721088435374
PT,2,2005.0,88,0.014285714285714285
PT,2,2005.0,99,0.004081632653061225
SE,1,2002.0,0,0.018009004502251125
SE,1,2002.0,1,0.016508254127063533
SE,1,2002.0,2,0.05302651325662831
SE,1,2002.0,3,0.12506253126563283
SE,1,2002.0,4,0.12856428214107055
SE,1,2002.0,5,0.19959979989994997
SE,1,2002.0,6,0.15607803901950976
SE,1,2002.0,7,0.15507753876938468
SE,1,2002.0,8,0.07903951975987994
SE,1,2002.0,9,0.014507253626813406
SE,1,2002.0,10,0.01200600300150075
SE,1,2002.0,77,0.0015007503751875938
SE,1,2002.0,88,0.04102051025512756
SE,2,2004.0,0,0.025655021834061136
SE,2,2004.0,1,0.025109170305676855
SE,2,2004.0,2,0.06877729257641921
SE,2,2004.0,3,0.10807860262008734
SE,2,2004.0,4,0.125
SE,2,2004.0,5,0.1965065502183406
SE,2,2004.0,6,0.17085152838427947
SE,2,2004.0,7,0.15884279475982532
SE,2,2004.0,8,0.06277292576419213
SE,2,2004.0,9,0.018013100436681223
SE,2,2004.0,10,0.007641921397379912
SE,2,2004.0,88,0.03220524017467249
SE,2,2004.0,99,0.0005458515283842794
SE,2,2005.0,0,0.017241379310344827
SE,2,2005.0,1,0.0603448275862069
SE,2,2005.0,2,0.0603448275862069
SE,2,2005.0,3,0.1206896551724138
SE,2,2005.0,4,0.1206896551724138
SE,2,2005.0,5,0.1724137931034483
SE,2,2005.0,6,0.13793103448275862
SE,2,2005.0,7,0.1724137931034483
SE,2,2005.0,8,0.0603448275862069
SE,2,2005.0,9,0.04310344827586207
SE,2,2005.0,10,0.008620689655172414
SE,2,2005.0,88,0.02586206896551724
SI,1,2002.0,0,0.086899275839368
SI,1,2002.0,1,0.05332455562870309
SI,1,2002.0,2,0.11323238973008558
SI,1,2002.0,3,0.14812376563528637
SI,1,2002.0,4,0.10664911125740618
SI,1,2002.0,5,0.19815668202764977
SI,1,2002.0,6,0.11257406188281764
SI,1,2002.0,7,0.0967741935483871
SI,1,2002.0,8,0.04476629361421988
SI,1,2002.0,9,0.007241606319947334
SI,1,2002.0,10,0.01184990125082291
SI,1,2002.0,88,0.016458196181698487
SI,1,2002.0,99,0.003949967083607637
SI,2,2004.0,0,0.04230235783633842
SI,2,2004.0,1,0.03536754507628294
SI,2,2004.0,2,0.09847434119278779
SI,2,2004.0,3,0.15325936199722606
SI,2,2004.0,4,0.11373092926490985
SI,2,2004.0,5,0.21428571428571427
SI,2,2004.0,6,0.14008321775312066
SI,2,2004.0,7,0.10748959778085991
SI,2,2004.0,8,0.05062413314840499
SI,2,2004.0,9,0.011095700416088766
SI,2,2004.0,10,0.0062413314840499305
SI,2,2004.0,88,0.02288488210818308
SI,2,2004.0,99,0.004160887656033287
SK,2,2004.0,0,0.15873015873015872
SK,2,2004.0,1,0.09060846560846561
SK,2,2004.0,2,0.13756613756613756
SK,2,2004.0,3,0.16997354497354497
SK,2,2004.0,4,0.12433862433862433
SK,2,2004.0,5,0.14417989417989419
SK,2,2004.0,6,0.06084656084656084
SK,2,2004.0,7,0.041666666666666664
SK,2,2004.0,8,0.016534391534391533
SK,2,2004.0,9,0.007275132275132275
SK,2,2004.0,10,0.0026455026455026454
SK,2,2004.0,88,0.04431216931216931
SK,2,2004.0,99,0.0013227513227513227
TR,2,2005.0,0,0.2
TR,2,2005.0,1,0.13548387096774195
TR,2,2005.0,2,0.11612903225806452
TR,2,2005.0,3,0.06451612903225806
TR,2,2005.0,4,0.03225806451612903
TR,2,2005.0,5,0.14193548387096774
TR,2,2005.0,6,0.04516129032258064
TR,2,2005.0,7,0.06451612903225806
TR,2,2005.0,8,0.05806451612903226
TR,2,2005.0,9,0.04516129032258064
TR,2,2005.0,10,0.06451612903225806
TR,2,2005.0,88,0.03225806451612903
TR,2,2006.0,0,0.13462669018224574
TR,2,2006.0,1,0.04997060552616108
TR,2,2006.0,2,0.06819517930629042
TR,2,2006.0,3,0.07113462669018225
TR,2,2006.0,4,0.06172839506172839
TR,2,2006.0,5,0.14873603762492651
TR,2,2006.0,6,0.07936507936507936
TR,2,2006.0,7,0.09347442680776014
TR,2,2006.0,8,0.09641387419165197
TR,2,2006.0,9,0.041740152851263965
TR,2,2006.0,10,0.0993533215755438
TR,2,2006.0,88,0.05526161081716637
UA,2,2005.0,0,0.15115706548498276
UA,2,2005.0,1,0.08321024126046282
UA,2,2005.0,2,0.14081733136386015
UA,2,2005.0,3,0.21418020679468242
UA,2,2005.0,4,0.11915312653865091
UA,2,2005.0,5,0.13687838503200395
UA,2,2005.0,6,0.04382077794190054
UA,2,2005.0,7,0.0310192023633678
UA,2,2005.0,8,0.008370260955194485
UA,2,2005.0,9,0.006400787789266372
UA,2,2005.0,10,0.002461841457410143
UA,2,2005.0,88,0.0620384047267356
UA,2,2005.0,99,0.0004923682914820286
